Test,Total Reward,Steps,Used Stocks,Trim Loss,Remaining Products
1,551.460140499389,100,2,0.4831349206349206,24
2,551.460140499389,100,2,0.4831349206349206,24
3,551.460140499389,100,2,0.4831349206349206,24
4,551.460140499389,100,2,0.4831349206349206,24
5,551.460140499389,100,2,0.4831349206349206,24
